INSERT INTO public.category (type, id, name, next_level_category_id, icon_url) VALUES ('EXTENDABLE', 1, 'Public Transport', null, 'static/bus.png');
INSERT INTO public.category (type, id, name, next_level_category_id, icon_url) VALUES ('EXTENDABLE', 8, 'Taxi', null, 'static/taxi.png');
INSERT INTO public.category (type, id, name, next_level_category_id, icon_url) VALUES ('EXTENDABLE', 2, 'Lviv', 1, 'static/lviv.png');
INSERT INTO public.category (type, id, name, next_level_category_id, icon_url) VALUES ('EXTENDABLE', 3, 'Kyiv', 1, 'static/kyiv.png');
INSERT INTO public.category (type, id, name, next_level_category_id, icon_url) VALUES ('NON_EXTENDABLE', 4, 'Tram', 2, 'static/tram.png');
INSERT INTO public.category (type, id, name, next_level_category_id, icon_url) VALUES ('NON_EXTENDABLE', 5, 'Trolleybus', 2, 'static/trolleybus.png');
INSERT INTO public.category (type, id, name, next_level_category_id, icon_url) VALUES ('NON_EXTENDABLE', 6, 'Bus', 2, 'static/bigbus.png');
INSERT INTO public.category (type, id, name, next_level_category_id, icon_url) VALUES ('NON_EXTENDABLE', 7, 'Marshrutka', 2, 'static/van.png');

INSERT INTO public.transit_stop (transit_id, stop_id, stop_index) VALUES (21, 1, 0);
INSERT INTO public.transit_stop (transit_id, stop_id, stop_index) VALUES (21, 2, 1);
INSERT INTO public.transit_stop (transit_id, stop_id, stop_index) VALUES (21, 3, 2);
INSERT INTO public.transit_stop (transit_id, stop_id, stop_index) VALUES (21, 4, 3);
INSERT INTO public.transit_stop (transit_id, stop_id, stop_index) VALUES (21, 5, 4);
INSERT INTO public.transit_stop (transit_id, stop_id, stop_index) VALUES (21, 6, 5);
INSERT INTO public.transit_stop (transit_id, stop_id, stop_index) VALUES (21, 7, 6);
INSERT INTO public.transit_stop (transit_id, stop_id, stop_index) VALUES (21, 8, 7);
INSERT INTO public.transit_stop (transit_id, stop_id, stop_index) VALUES (21, 9, 8);
INSERT INTO public.transit_stop (transit_id, stop_id, stop_index) VALUES (21, 10, 9);
INSERT INTO public.transit_stop (transit_id, stop_id, stop_index) VALUES (21, 11, 10);
INSERT INTO public.transit_stop (transit_id, stop_id, stop_index) VALUES (21, 12, 11);
INSERT INTO public.transit_stop (transit_id, stop_id, stop_index) VALUES (21, 13, 12);
INSERT INTO public.transit_stop (transit_id, stop_id, stop_index) VALUES (21, 14, 13);
INSERT INTO public.transit_stop (transit_id, stop_id, stop_index) VALUES (21, 15, 14);
INSERT INTO public.transit_stop (transit_id, stop_id, stop_index) VALUES (21, 16, 15);
INSERT INTO public.transit_stop (transit_id, stop_id, stop_index) VALUES (21, 17, 16);
INSERT INTO public.transit_stop (transit_id, stop_id, stop_index) VALUES (21, 18, 17);
INSERT INTO public.transit_stop (transit_id, stop_id, stop_index) VALUES (21, 19, 18);
INSERT INTO public.transit_stop (transit_id, stop_id, stop_index) VALUES (21, 20, 19);
INSERT INTO public.transit_stop (transit_id, stop_id, stop_index) VALUES (21, 21, 20);
INSERT INTO public.transit_stop (transit_id, stop_id, stop_index) VALUES (21, 22, 21);
INSERT INTO public.transit_stop (transit_id, stop_id, stop_index) VALUES (21, 23, 22);
INSERT INTO public.transit_stop (transit_id, stop_id, stop_index) VALUES (21, 24, 23);
INSERT INTO public.transit_stop (transit_id, stop_id, stop_index) VALUES (21, 25, 24);
INSERT INTO public.transit_stop (transit_id, stop_id, stop_index) VALUES (21, 26, 25);
INSERT INTO public.transit_stop (transit_id, stop_id, stop_index) VALUES (10364, 27, 0);
INSERT INTO public.transit_stop (transit_id, stop_id, stop_index) VALUES (10364, 28, 1);
INSERT INTO public.transit_stop (transit_id, stop_id, stop_index) VALUES (10364, 29, 2);
INSERT INTO public.transit_stop (transit_id, stop_id, stop_index) VALUES (10364, 30, 3);
INSERT INTO public.transit_stop (transit_id, stop_id, stop_index) VALUES (10364, 31, 4);
INSERT INTO public.transit_stop (transit_id, stop_id, stop_index) VALUES (10364, 32, 5);
INSERT INTO public.transit_stop (transit_id, stop_id, stop_index) VALUES (10364, 33, 6);
INSERT INTO public.transit_stop (transit_id, stop_id, stop_index) VALUES (10364, 34, 7);
INSERT INTO public.transit_stop (transit_id, stop_id, stop_index) VALUES (10364, 35, 8);
INSERT INTO public.transit_stop (transit_id, stop_id, stop_index) VALUES (10364, 36, 9);
INSERT INTO public.transit_stop (transit_id, stop_id, stop_index) VALUES (10364, 37, 10);
INSERT INTO public.transit_stop (transit_id, stop_id, stop_index) VALUES (10364, 38, 11);
INSERT INTO public.transit_stop (transit_id, stop_id, stop_index) VALUES (10364, 39, 12);
INSERT INTO public.transit_stop (transit_id, stop_id, stop_index) VALUES (10364, 40, 13);
INSERT INTO public.transit_stop (transit_id, stop_id, stop_index) VALUES (10364, 41, 14);
INSERT INTO public.transit_stop (transit_id, stop_id, stop_index) VALUES (10364, 42, 15);
INSERT INTO public.transit_stop (transit_id, stop_id, stop_index) VALUES (10364, 43, 16);
INSERT INTO public.transit_stop (transit_id, stop_id, stop_index) VALUES (10364, 44, 17);
INSERT INTO public.transit_stop (transit_id, stop_id, stop_index) VALUES (10364, 45, 18);
INSERT INTO public.transit_stop (transit_id, stop_id, stop_index) VALUES (10364, 46, 19);
INSERT INTO public.transit_stop (transit_id, stop_id, stop_index) VALUES (10364, 47, 20);
INSERT INTO public.transit_stop (transit_id, stop_id, stop_index) VALUES (10364, 48, 21);
INSERT INTO public.transit_stop (transit_id, stop_id, stop_index) VALUES (10364, 49, 22);
INSERT INTO public.transit_stop (transit_id, stop_id, stop_index) VALUES (10364, 50, 23);
INSERT INTO public.transit_stop (transit_id, stop_id, stop_index) VALUES (10364, 51, 24);
INSERT INTO public.transit_stop (transit_id, stop_id, stop_index) VALUES (10364, 52, 25);
INSERT INTO public.transit_stop (transit_id, stop_id, stop_index) VALUES (10364, 53, 26);
INSERT INTO public.transit_stop (transit_id, stop_id, stop_index) VALUES (10364, 54, 27);
INSERT INTO public.transit_stop (transit_id, stop_id, stop_index) VALUES (10364, 55, 28);
INSERT INTO public.transit_stop (transit_id, stop_id, stop_index) VALUES (10364, 56, 29);
INSERT INTO public.transit_stop (transit_id, stop_id, stop_index) VALUES (10364, 57, 30);
INSERT INTO public.transit_stop (transit_id, stop_id, stop_index) VALUES (10364, 58, 31);
INSERT INTO public.transit_stop (transit_id, stop_id, stop_index) VALUES (10364, 59, 32);
INSERT INTO public.transit_stop (transit_id, stop_id, stop_index) VALUES (10364, 60, 33);
INSERT INTO public.transit_stop (transit_id, stop_id, stop_index) VALUES (10364, 61, 34);
INSERT INTO public.transit_stop (transit_id, stop_id, stop_index) VALUES (10364, 62, 35);
INSERT INTO public.transit_stop (transit_id, stop_id, stop_index) VALUES (10364, 63, 36);
INSERT INTO public.transit_stop (transit_id, stop_id, stop_index) VALUES (10364, 64, 37);
INSERT INTO public.transit_stop (transit_id, stop_id, stop_index) VALUES (10364, 65, 38);
INSERT INTO public.transit_stop (transit_id, stop_id, stop_index) VALUES (10364, 66, 39);
INSERT INTO public.transit_stop (transit_id, stop_id, stop_index) VALUES (10364, 67, 40);
INSERT INTO public.transit_stop (transit_id, stop_id, stop_index) VALUES (10364, 68, 41);
INSERT INTO public.transit_stop (transit_id, stop_id, stop_index) VALUES (10364, 69, 42);
INSERT INTO public.transit_stop (transit_id, stop_id, stop_index) VALUES (10364, 70, 43);
INSERT INTO public.transit_stop (transit_id, stop_id, stop_index) VALUES (316, 71, 0);
INSERT INTO public.transit_stop (transit_id, stop_id, stop_index) VALUES (316, 72, 1);
INSERT INTO public.transit_stop (transit_id, stop_id, stop_index) VALUES (316, 73, 2);
INSERT INTO public.transit_stop (transit_id, stop_id, stop_index) VALUES (316, 74, 3);
INSERT INTO public.transit_stop (transit_id, stop_id, stop_index) VALUES (316, 75, 4);
INSERT INTO public.transit_stop (transit_id, stop_id, stop_index) VALUES (316, 76, 5);
INSERT INTO public.transit_stop (transit_id, stop_id, stop_index) VALUES (316, 77, 6);
INSERT INTO public.transit_stop (transit_id, stop_id, stop_index) VALUES (316, 78, 7);
INSERT INTO public.transit_stop (transit_id, stop_id, stop_index) VALUES (316, 79, 8);
INSERT INTO public.transit_stop (transit_id, stop_id, stop_index) VALUES (316, 80, 9);
INSERT INTO public.transit_stop (transit_id, stop_id, stop_index) VALUES (316, 81, 10);
INSERT INTO public.transit_stop (transit_id, stop_id, stop_index) VALUES (316, 82, 11);
INSERT INTO public.transit_stop (transit_id, stop_id, stop_index) VALUES (316, 83, 12);
INSERT INTO public.transit_stop (transit_id, stop_id, stop_index) VALUES (316, 84, 13);
INSERT INTO public.transit_stop (transit_id, stop_id, stop_index) VALUES (316, 85, 14);
INSERT INTO public.transit_stop (transit_id, stop_id, stop_index) VALUES (316, 86, 15);
INSERT INTO public.transit_stop (transit_id, stop_id, stop_index) VALUES (316, 87, 16);
INSERT INTO public.transit_stop (transit_id, stop_id, stop_index) VALUES (316, 88, 17);
INSERT INTO public.transit_stop (transit_id, stop_id, stop_index) VALUES (316, 89, 18);
INSERT INTO public.transit_stop (transit_id, stop_id, stop_index) VALUES (316, 90, 19);
INSERT INTO public.transit_stop (transit_id, stop_id, stop_index) VALUES (316, 91, 20);
INSERT INTO public.transit_stop (transit_id, stop_id, stop_index) VALUES (316, 92, 21);
INSERT INTO public.transit_stop (transit_id, stop_id, stop_index) VALUES (316, 93, 22);
INSERT INTO public.transit_stop (transit_id, stop_id, stop_index) VALUES (316, 94, 23);
INSERT INTO public.transit_stop (transit_id, stop_id, stop_index) VALUES (316, 95, 24);
INSERT INTO public.transit_stop (transit_id, stop_id, stop_index) VALUES (316, 96, 25);
INSERT INTO public.transit_stop (transit_id, stop_id, stop_index) VALUES (316, 97, 26);
INSERT INTO public.transit_stop (transit_id, stop_id, stop_index) VALUES (316, 98, 27);
INSERT INTO public.transit_stop (transit_id, stop_id, stop_index) VALUES (316, 99, 28);
INSERT INTO public.transit_stop (transit_id, stop_id, stop_index) VALUES (316, 100, 29);
INSERT INTO public.transit_stop (transit_id, stop_id, stop_index) VALUES (316, 101, 30);
INSERT INTO public.transit_stop (transit_id, stop_id, stop_index) VALUES (316, 102, 31);
INSERT INTO public.transit_stop (transit_id, stop_id, stop_index) VALUES (316, 103, 32);
INSERT INTO public.transit_stop (transit_id, stop_id, stop_index) VALUES (316, 104, 33);
INSERT INTO public.transit_stop (transit_id, stop_id, stop_index) VALUES (316, 105, 34);
INSERT INTO public.transit_stop (transit_id, stop_id, stop_index) VALUES (316, 106, 35);
INSERT INTO public.transit_stop (transit_id, stop_id, stop_index) VALUES (316, 107, 36);
INSERT INTO public.transit_stop (transit_id, stop_id, stop_index) VALUES (10365, 108, 0);
INSERT INTO public.transit_stop (transit_id, stop_id, stop_index) VALUES (10365, 109, 1);
INSERT INTO public.transit_stop (transit_id, stop_id, stop_index) VALUES (10365, 110, 2);
INSERT INTO public.transit_stop (transit_id, stop_id, stop_index) VALUES (10365, 111, 3);
INSERT INTO public.transit_stop (transit_id, stop_id, stop_index) VALUES (10365, 112, 4);
INSERT INTO public.transit_stop (transit_id, stop_id, stop_index) VALUES (10365, 113, 5);
INSERT INTO public.transit_stop (transit_id, stop_id, stop_index) VALUES (10365, 114, 6);
INSERT INTO public.transit_stop (transit_id, stop_id, stop_index) VALUES (10365, 115, 7);
INSERT INTO public.transit_stop (transit_id, stop_id, stop_index) VALUES (10365, 116, 8);
INSERT INTO public.transit_stop (transit_id, stop_id, stop_index) VALUES (10365, 117, 9);
INSERT INTO public.transit_stop (transit_id, stop_id, stop_index) VALUES (10365, 118, 10);
INSERT INTO public.transit_stop (transit_id, stop_id, stop_index) VALUES (10365, 119, 11);
INSERT INTO public.transit_stop (transit_id, stop_id, stop_index) VALUES (10365, 120, 12);
INSERT INTO public.transit_stop (transit_id, stop_id, stop_index) VALUES (10365, 121, 13);
INSERT INTO public.transit_stop (transit_id, stop_id, stop_index) VALUES (10365, 122, 14);
INSERT INTO public.transit_stop (transit_id, stop_id, stop_index) VALUES (10365, 123, 15);
INSERT INTO public.transit_stop (transit_id, stop_id, stop_index) VALUES (10365, 124, 16);
INSERT INTO public.transit_stop (transit_id, stop_id, stop_index) VALUES (10365, 125, 17);
INSERT INTO public.transit_stop (transit_id, stop_id, stop_index) VALUES (10365, 126, 18);
INSERT INTO public.transit_stop (transit_id, stop_id, stop_index) VALUES (10365, 127, 19);
INSERT INTO public.transit_stop (transit_id, stop_id, stop_index) VALUES (10365, 128, 20);
INSERT INTO public.transit_stop (transit_id, stop_id, stop_index) VALUES (10365, 129, 21);
INSERT INTO public.transit_stop (transit_id, stop_id, stop_index) VALUES (10365, 130, 22);
INSERT INTO public.transit_stop (transit_id, stop_id, stop_index) VALUES (10365, 131, 23);
INSERT INTO public.transit_stop (transit_id, stop_id, stop_index) VALUES (10365, 132, 24);
INSERT INTO public.transit_stop (transit_id, stop_id, stop_index) VALUES (10365, 133, 25);
INSERT INTO public.transit_stop (transit_id, stop_id, stop_index) VALUES (10365, 134, 26);
INSERT INTO public.transit_stop (transit_id, stop_id, stop_index) VALUES (10365, 135, 27);
INSERT INTO public.transit_stop (transit_id, stop_id, stop_index) VALUES (10365, 136, 28);
INSERT INTO public.transit_stop (transit_id, stop_id, stop_index) VALUES (10365, 137, 29);
INSERT INTO public.transit_stop (transit_id, stop_id, stop_index) VALUES (10365, 138, 30);
INSERT INTO public.transit_stop (transit_id, stop_id, stop_index) VALUES (10365, 139, 31);
INSERT INTO public.transit_stop (transit_id, stop_id, stop_index) VALUES (10365, 140, 32);
INSERT INTO public.transit_stop (transit_id, stop_id, stop_index) VALUES (10365, 141, 33);
INSERT INTO public.transit_stop (transit_id, stop_id, stop_index) VALUES (10365, 142, 34);
INSERT INTO public.transit_stop (transit_id, stop_id, stop_index) VALUES (10365, 143, 35);
INSERT INTO public.transit_stop (transit_id, stop_id, stop_index) VALUES (10365, 144, 36);
INSERT INTO public.transit_stop (transit_id, stop_id, stop_index) VALUES (10365, 145, 37);
INSERT INTO public.transit_stop (transit_id, stop_id, stop_index) VALUES (10365, 146, 38);
INSERT INTO public.transit_stop (transit_id, stop_id, stop_index) VALUES (10365, 147, 39);
INSERT INTO public.transit_stop (transit_id, stop_id, stop_index) VALUES (10365, 148, 40);
INSERT INTO public.transit_stop (transit_id, stop_id, stop_index) VALUES (10365, 149, 41);
INSERT INTO public.transit_stop (transit_id, stop_id, stop_index) VALUES (10365, 150, 42);
INSERT INTO public.transit_stop (transit_id, stop_id, stop_index) VALUES (10365, 151, 43);
INSERT INTO public.transit_stop (transit_id, stop_id, stop_index) VALUES (10365, 152, 44);
INSERT INTO public.transit_stop (transit_id, stop_id, stop_index) VALUES (10365, 153, 45);
INSERT INTO public.transit_stop (transit_id, stop_id, stop_index) VALUES (10365, 154, 46);
INSERT INTO public.transit_stop (transit_id, stop_id, stop_index) VALUES (10365, 155, 47);
INSERT INTO public.transit_stop (transit_id, stop_id, stop_index) VALUES (10365, 156, 48);
INSERT INTO public.transit_stop (transit_id, stop_id, stop_index) VALUES (23, 157, 0);
INSERT INTO public.transit_stop (transit_id, stop_id, stop_index) VALUES (23, 158, 1);
INSERT INTO public.transit_stop (transit_id, stop_id, stop_index) VALUES (23, 159, 2);
INSERT INTO public.transit_stop (transit_id, stop_id, stop_index) VALUES (23, 160, 3);
INSERT INTO public.transit_stop (transit_id, stop_id, stop_index) VALUES (23, 161, 4);
INSERT INTO public.transit_stop (transit_id, stop_id, stop_index) VALUES (23, 162, 5);
INSERT INTO public.transit_stop (transit_id, stop_id, stop_index) VALUES (23, 163, 6);
INSERT INTO public.transit_stop (transit_id, stop_id, stop_index) VALUES (23, 164, 7);
INSERT INTO public.transit_stop (transit_id, stop_id, stop_index) VALUES (23, 165, 8);
INSERT INTO public.transit_stop (transit_id, stop_id, stop_index) VALUES (23, 166, 9);
INSERT INTO public.transit_stop (transit_id, stop_id, stop_index) VALUES (23, 167, 10);
INSERT INTO public.transit_stop (transit_id, stop_id, stop_index) VALUES (23, 168, 11);
INSERT INTO public.transit_stop (transit_id, stop_id, stop_index) VALUES (23, 169, 12);
INSERT INTO public.transit_stop (transit_id, stop_id, stop_index) VALUES (23, 170, 13);
INSERT INTO public.transit_stop (transit_id, stop_id, stop_index) VALUES (23, 171, 14);
INSERT INTO public.transit_stop (transit_id, stop_id, stop_index) VALUES (23, 172, 15);
INSERT INTO public.transit_stop (transit_id, stop_id, stop_index) VALUES (23, 173, 16);
INSERT INTO public.transit_stop (transit_id, stop_id, stop_index) VALUES (23, 174, 17);
INSERT INTO public.transit_stop (transit_id, stop_id, stop_index) VALUES (23, 175, 18);
INSERT INTO public.transit_stop (transit_id, stop_id, stop_index) VALUES (23, 176, 19);
INSERT INTO public.transit_stop (transit_id, stop_id, stop_index) VALUES (23, 177, 20);
INSERT INTO public.transit_stop (transit_id, stop_id, stop_index) VALUES (23, 178, 21);
INSERT INTO public.transit_stop (transit_id, stop_id, stop_index) VALUES (23, 179, 22);
INSERT INTO public.transit_stop (transit_id, stop_id, stop_index) VALUES (23, 180, 23);
INSERT INTO public.transit_stop (transit_id, stop_id, stop_index) VALUES (23, 181, 24);
INSERT INTO public.transit_stop (transit_id, stop_id, stop_index) VALUES (23, 182, 25);
INSERT INTO public.transit_stop (transit_id, stop_id, stop_index) VALUES (23, 183, 26);
INSERT INTO public.transit_stop (transit_id, stop_id, stop_index) VALUES (23, 184, 27);
INSERT INTO public.transit_stop (transit_id, stop_id, stop_index) VALUES (23, 185, 28);
INSERT INTO public.transit_stop (transit_id, stop_id, stop_index) VALUES (23, 186, 29);
INSERT INTO public.transit_stop (transit_id, stop_id, stop_index) VALUES (23, 187, 30);
INSERT INTO public.transit_stop (transit_id, stop_id, stop_index) VALUES (23, 188, 31);
INSERT INTO public.transit_stop (transit_id, stop_id, stop_index) VALUES (23, 189, 32);
INSERT INTO public.transit_stop (transit_id, stop_id, stop_index) VALUES (23, 190, 33);
INSERT INTO public.transit_stop (transit_id, stop_id, stop_index) VALUES (23, 191, 34);
INSERT INTO public.transit_stop (transit_id, stop_id, stop_index) VALUES (23, 192, 35);

INSERT INTO public.transit (id, name, category_id) VALUES (21, '1А', 7);
INSERT INTO public.transit (id, name, category_id) VALUES (10364, '1Н', 7);
INSERT INTO public.transit (id, name, category_id) VALUES (316, '2A', 7);
INSERT INTO public.transit (id, name, category_id) VALUES (10365, '2Н', 7);
INSERT INTO public.transit (id, name, category_id) VALUES (23, '3А', 7);
INSERT INTO public.transit (id, name, category_id) VALUES (10366, '3Н', 7);
INSERT INTO public.transit (id, name, category_id) VALUES (168, '4А', 7);
INSERT INTO public.transit (id, name, category_id) VALUES (10367, '4Н', 7);
INSERT INTO public.transit (id, name, category_id) VALUES (25, '5А', 7);
INSERT INTO public.transit (id, name, category_id) VALUES (10368, '5Н', 7);
INSERT INTO public.transit (id, name, category_id) VALUES (26, '6А', 7);
INSERT INTO public.transit (id, name, category_id) VALUES (10369, '6Н', 7);
INSERT INTO public.transit (id, name, category_id) VALUES (327, '7', 7);
INSERT INTO public.transit (id, name, category_id) VALUES (10370, '7Н', 7);
INSERT INTO public.transit (id, name, category_id) VALUES (317, '8', 7);
INSERT INTO public.transit (id, name, category_id) VALUES (107, '9', 7);
INSERT INTO public.transit (id, name, category_id) VALUES (184, '10', 7);
INSERT INTO public.transit (id, name, category_id) VALUES (134, '11', 7);
INSERT INTO public.transit (id, name, category_id) VALUES (210, '13', 7);
INSERT INTO public.transit (id, name, category_id) VALUES (135, '14', 7);
INSERT INTO public.transit (id, name, category_id) VALUES (35, '15', 7);
INSERT INTO public.transit (id, name, category_id) VALUES (36, '16', 7);
INSERT INTO public.transit (id, name, category_id) VALUES (330, '17', 7);
INSERT INTO public.transit (id, name, category_id) VALUES (280, '18', 7);
INSERT INTO public.transit (id, name, category_id) VALUES (176, '19', 7);
INSERT INTO public.transit (id, name, category_id) VALUES (130, '20', 7);
INSERT INTO public.transit (id, name, category_id) VALUES (40, '21', 7);
INSERT INTO public.transit (id, name, category_id) VALUES (318, '22', 7);
INSERT INTO public.transit (id, name, category_id) VALUES (41, '23', 7);
INSERT INTO public.transit (id, name, category_id) VALUES (304, '24', 7);
INSERT INTO public.transit (id, name, category_id) VALUES (87, '25', 7);
INSERT INTO public.transit (id, name, category_id) VALUES (252, '26', 7);
INSERT INTO public.transit (id, name, category_id) VALUES (324, '27', 7);
INSERT INTO public.transit (id, name, category_id) VALUES (329, '28', 7);
INSERT INTO public.transit (id, name, category_id) VALUES (303, '29', 7);
INSERT INTO public.transit (id, name, category_id) VALUES (10380, '29', 7);
INSERT INTO public.transit (id, name, category_id) VALUES (189, '31', 7);
INSERT INTO public.transit (id, name, category_id) VALUES (335, '32', 7);
INSERT INTO public.transit (id, name, category_id) VALUES (181, '33', 7);
INSERT INTO public.transit (id, name, category_id) VALUES (185, '34', 7);
INSERT INTO public.transit (id, name, category_id) VALUES (393, '36', 7);
INSERT INTO public.transit (id, name, category_id) VALUES (232, '37', 7);
INSERT INTO public.transit (id, name, category_id) VALUES (342, '38', 7);
INSERT INTO public.transit (id, name, category_id) VALUES (334, '39', 7);
INSERT INTO public.transit (id, name, category_id) VALUES (165, '40', 7);
INSERT INTO public.transit (id, name, category_id) VALUES (164, '41', 7);
INSERT INTO public.transit (id, name, category_id) VALUES (60, '42', 7);
INSERT INTO public.transit (id, name, category_id) VALUES (162, '43', 7);
INSERT INTO public.transit (id, name, category_id) VALUES (214, '44', 7);
INSERT INTO public.transit (id, name, category_id) VALUES (228, '45', 7);
INSERT INTO public.transit (id, name, category_id) VALUES (212, '46', 7);
INSERT INTO public.transit (id, name, category_id) VALUES (230, '47А', 7);
INSERT INTO public.transit (id, name, category_id) VALUES (246, '48', 7);
INSERT INTO public.transit (id, name, category_id) VALUES (249, '50', 7);
INSERT INTO public.transit (id, name, category_id) VALUES (400, '51', 7);
INSERT INTO public.transit (id, name, category_id) VALUES (244, '53', 7);
INSERT INTO public.transit (id, name, category_id) VALUES (10359, '54', 7);
INSERT INTO public.transit (id, name, category_id) VALUES (186, '55', 7);
INSERT INTO public.transit (id, name, category_id) VALUES (10372, '56', 7);
INSERT INTO public.transit (id, name, category_id) VALUES (99, '102', 7);
INSERT INTO public.transit (id, name, category_id) VALUES (101, '110', 7);
INSERT INTO public.transit (id, name, category_id) VALUES (102, '111', 7);
INSERT INTO public.transit (id, name, category_id) VALUES (108, '114', 7);
INSERT INTO public.transit (id, name, category_id) VALUES (109, '116', 7);
INSERT INTO public.transit (id, name, category_id) VALUES (363, '120', 7);
INSERT INTO public.transit (id, name, category_id) VALUES (307, '121', 7);
INSERT INTO public.transit (id, name, category_id) VALUES (369, '124', 7);
INSERT INTO public.transit (id, name, category_id) VALUES (362, '125', 7);
INSERT INTO public.transit (id, name, category_id) VALUES (361, '129', 7);
INSERT INTO public.transit (id, name, category_id) VALUES (187, '131', 7);
INSERT INTO public.transit (id, name, category_id) VALUES (274, '133', 7);
INSERT INTO public.transit (id, name, category_id) VALUES (207, '138', 7);
INSERT INTO public.transit (id, name, category_id) VALUES (367, '140', 7);
INSERT INTO public.transit (id, name, category_id) VALUES (368, '141', 7);
INSERT INTO public.transit (id, name, category_id) VALUES (360, '142', 7);
INSERT INTO public.transit (id, name, category_id) VALUES (115, '144', 7);
INSERT INTO public.transit (id, name, category_id) VALUES (358, '150', 7);
INSERT INTO public.transit (id, name, category_id) VALUES (365, '151', 7);
INSERT INTO public.transit (id, name, category_id) VALUES (118, '156', 7);
INSERT INTO public.transit (id, name, category_id) VALUES (291, '160', 7);
INSERT INTO public.transit (id, name, category_id) VALUES (10352, '170', 7);
INSERT INTO public.transit (id, name, category_id) VALUES (347, '171', 7);
INSERT INTO public.transit (id, name, category_id) VALUES (137, '180А', 7);
INSERT INTO public.transit (id, name, category_id) VALUES (121, '184А', 7);
INSERT INTO public.transit (id, name, category_id) VALUES (364, '185', 7);
INSERT INTO public.transit (id, name, category_id) VALUES (10361, '190', 7);
INSERT INTO public.transit (id, name, category_id) VALUES (354, '195', 7);
INSERT INTO public.transit (id, name, category_id) VALUES (122, '199', 7);
INSERT INTO public.transit (id, name, category_id) VALUES (177, '217А', 7);
INSERT INTO public.transit (id, name, category_id) VALUES (124, '287', 7);
INSERT INTO public.transit (id, name, category_id) VALUES (353, '288', 7);
INSERT INTO public.transit (id, name, category_id) VALUES (352, '295', 7);
INSERT INTO public.transit (id, name, category_id) VALUES (351, '333', 7);
INSERT INTO public.transit (id, name, category_id) VALUES (308, '1001', 7);
INSERT INTO public.transit (id, name, category_id) VALUES (306, '1004', 7);
INSERT INTO public.transit (id, name, category_id) VALUES (10381, 'Аеропорт', 7);
INSERT INTO public.transit (id, name, category_id) VALUES (10379, 'експрес', 7);
INSERT INTO public.transit (id, name, category_id) VALUES (11, '1 ', 4);
INSERT INTO public.transit (id, name, category_id) VALUES (13, '2', 4);
INSERT INTO public.transit (id, name, category_id) VALUES (14, '3', 4);
INSERT INTO public.transit (id, name, category_id) VALUES (309, '6', 4);
INSERT INTO public.transit (id, name, category_id) VALUES (374, '7', 4);
INSERT INTO public.transit (id, name, category_id) VALUES (10378, '8', 4);
INSERT INTO public.transit (id, name, category_id) VALUES (339, '9', 4);
INSERT INTO public.transit (id, name, category_id) VALUES (129, '2', 5);
INSERT INTO public.transit (id, name, category_id) VALUES (3, '3', 5);
INSERT INTO public.transit (id, name, category_id) VALUES (4, '5', 5);
INSERT INTO public.transit (id, name, category_id) VALUES (5, '7', 5);
INSERT INTO public.transit (id, name, category_id) VALUES (6, '9', 5);
INSERT INTO public.transit (id, name, category_id) VALUES (7, '10', 5);
INSERT INTO public.transit (id, name, category_id) VALUES (79, '11', 5);
INSERT INTO public.transit (id, name, category_id) VALUES (9, '12 ', 5);
INSERT INTO public.transit (id, name, category_id) VALUES (10, '13 ', 5);
INSERT INTO public.transit (id, name, category_id) VALUES (76, '24', 5);

INSERT INTO public.stop (id, dir, lat, lng, street) VALUES (1, 'FORWARD', 49.873692695218, 24.060354471207, 'ринок "Галицьке перехрестя"');
INSERT INTO public.stop (id, dir, lat, lng, street) VALUES (2, 'FORWARD', 49.86952258602, 24.056770317288, 'ТЦ "ВАМ"');
INSERT INTO public.stop (id, dir, lat, lng, street) VALUES (3, 'FORWARD', 49.86516499674, 24.050964415073, 'Автостанція №2');
INSERT INTO public.stop (id, dir, lat, lng, street) VALUES (4, 'FORWARD', 49.865291595458984, 24.043611526489258, 'вул. Липинського - вул. Миколайчука');
INSERT INTO public.stop (id, dir, lat, lng, street) VALUES (5, 'FORWARD', 49.86494445800781, 24.04070472717285, 'БТІ');
INSERT INTO public.stop (id, dir, lat, lng, street) VALUES (6, 'FORWARD', 49.86345672607422, 24.032636642456055, 'вул. Бетховена');
INSERT INTO public.stop (id, dir, lat, lng, street) VALUES (7, 'FORWARD', 49.859798431396484, 24.026199340820312, 'вул. Замарстинівська');
INSERT INTO public.stop (id, dir, lat, lng, street) VALUES (8, 'FORWARD', 49.856073810287, 24.021730542183, 'Шевченківська адміністрація');
INSERT INTO public.stop (id, dir, lat, lng, street) VALUES (9, 'FORWARD', 49.8542594909668, 24.0227069854736, 'вул. Хімічна');
INSERT INTO public.stop (id, dir, lat, lng, street) VALUES (10, 'FORWARD', 49.849702793762, 24.024629294872, 'пл. 700-річчя Львова');
INSERT INTO public.stop (id, dir, lat, lng, street) VALUES (11, 'FORWARD', 49.845380643474, 24.025082588195, 'пр. В''ячеслава Чорновола');
INSERT INTO public.stop (id, dir, lat, lng, street) VALUES (12, 'FORWARD', 49.84406280517578, 24.025632858276367, 'Театр опери та балету');
INSERT INTO public.stop (id, dir, lat, lng, street) VALUES (13, 'FORWARD', 49.84012222290039, 24.028125762939453, 'пр. Свободи');
INSERT INTO public.stop (id, dir, lat, lng, street) VALUES (14, 'FORWARD', 49.83925247192383, 24.032533645629883, 'пл. Галицька');
INSERT INTO public.stop (id, dir, lat, lng, street) VALUES (15, 'BACKWARD', 49.83925247192383, 24.032533645629883, 'пл. Галицька');
INSERT INTO public.stop (id, dir, lat, lng, street) VALUES (16, 'BACKWARD', 49.8424339294434, 24.0351810455322, 'вул. Підвальна');
INSERT INTO public.stop (id, dir, lat, lng, street) VALUES (17, 'BACKWARD', 49.844815224729, 24.02779519558, 'вул. Театральна');
INSERT INTO public.stop (id, dir, lat, lng, street) VALUES (18, 'BACKWARD', 49.846617393635, 24.025656580925, 'пр. В''ячеслава Чорновола');
INSERT INTO public.stop (id, dir, lat, lng, street) VALUES (19, 'BACKWARD', 49.85117721557617, 24.024429321289062, 'БК ім. Гната Хоткевича');
INSERT INTO public.stop (id, dir, lat, lng, street) VALUES (20, 'BACKWARD', 49.854419797868, 24.022954719296, 'вул. Хімічна');
INSERT INTO public.stop (id, dir, lat, lng, street) VALUES (21, 'BACKWARD', 49.857194449399, 24.02271424653, 'Шевченківська адміністрація');
INSERT INTO public.stop (id, dir, lat, lng, street) VALUES (22, 'BACKWARD', 49.860559484929, 24.02766447143, 'вул. Замарстинівська');
INSERT INTO public.stop (id, dir, lat, lng, street) VALUES (23, 'BACKWARD', 49.864850137928, 24.042034405046, 'БТІ');
INSERT INTO public.stop (id, dir, lat, lng, street) VALUES (24, 'BACKWARD', 49.864861962002, 24.051683306694, 'Автостанція №2');
INSERT INTO public.stop (id, dir, lat, lng, street) VALUES (25, 'BACKWARD', 49.868465893996, 24.056344091892, 'ТЦ "ВАМ"');
INSERT INTO public.stop (id, dir, lat, lng, street) VALUES (26, 'BACKWARD', 49.873692695218, 24.060354471207, 'ринок "Галицьке перехрестя"');
INSERT INTO public.stop (id, dir, lat, lng, street) VALUES (27, 'FORWARD', 49.83920669555664, 23.994436264038086, 'Залізничний вокзал');
INSERT INTO public.stop (id, dir, lat, lng, street) VALUES (28, 'FORWARD', 49.837576118462, 23.999875186564, 'Приміський вокзал');
INSERT INTO public.stop (id, dir, lat, lng, street) VALUES (29, 'FORWARD', 49.837345123291016, 24.0047550201416, 'Церква святих Ольги та Єлизавети');
INSERT INTO public.stop (id, dir, lat, lng, street) VALUES (30, 'FORWARD', 49.84020188544, 24.012513697147, 'Цирк');
INSERT INTO public.stop (id, dir, lat, lng, street) VALUES (31, 'FORWARD', 49.84185791015625, 24.016496658325195, 'Театр ім. Лесі Українки');
INSERT INTO public.stop (id, dir, lat, lng, street) VALUES (32, 'FORWARD', 49.843182234696, 24.022824168205, 'вул. Северина Наливайка');
INSERT INTO public.stop (id, dir, lat, lng, street) VALUES (33, 'FORWARD', 49.84550094604492, 24.02606964111328, 'пл. Різні');
INSERT INTO public.stop (id, dir, lat, lng, street) VALUES (34, 'FORWARD', 49.846617393635, 24.025656580925, 'пр. В''ячеслава Чорновола');
INSERT INTO public.stop (id, dir, lat, lng, street) VALUES (35, 'FORWARD', 49.85117721557617, 24.024429321289062, 'БК ім. Гната Хоткевича');
INSERT INTO public.stop (id, dir, lat, lng, street) VALUES (36, 'FORWARD', 49.854419797868, 24.022954719296, 'вул. Хімічна');
INSERT INTO public.stop (id, dir, lat, lng, street) VALUES (37, 'FORWARD', 49.857733213219, 24.021338224411, 'Шевченківська адміністрація');
INSERT INTO public.stop (id, dir, lat, lng, street) VALUES (38, 'FORWARD', 49.86256408691406, 24.018701553344727, 'вул. Торф''яна');
INSERT INTO public.stop (id, dir, lat, lng, street) VALUES (39, 'FORWARD', 49.865886275695, 24.016999483109, 'вул. Варшавська');
INSERT INTO public.stop (id, dir, lat, lng, street) VALUES (40, 'FORWARD', 49.869363429849, 24.018340114317, 'вул. Замарстинівська');
INSERT INTO public.stop (id, dir, lat, lng, street) VALUES (41, 'FORWARD', 49.869303699501, 24.025030612945, 'вул. Гетьмана Мазепи');
INSERT INTO public.stop (id, dir, lat, lng, street) VALUES (42, 'FORWARD', 49.87049102783203, 24.032577514648438, 'вул. Пилипа Орлика');
INSERT INTO public.stop (id, dir, lat, lng, street) VALUES (43, 'FORWARD', 49.87169640453, 24.039510287623, 'Поліклініка №2');
INSERT INTO public.stop (id, dir, lat, lng, street) VALUES (44, 'FORWARD', 49.87236404418945, 24.043548583984375, 'вул. Плугова');
INSERT INTO public.stop (id, dir, lat, lng, street) VALUES (45, 'FORWARD', 49.872481287654, 24.050791262527, 'вул. Грінченка');
INSERT INTO public.stop (id, dir, lat, lng, street) VALUES (46, 'FORWARD', 49.870609441824, 24.05521711661, 'вул. Чигиринська');
INSERT INTO public.stop (id, dir, lat, lng, street) VALUES (47, 'FORWARD', 49.873692695218, 24.060354471207, 'ринок "Галицьке перехрестя"');
INSERT INTO public.stop (id, dir, lat, lng, street) VALUES (48, 'BACKWARD', 49.873692695218, 24.060354471207, 'ринок "Галицьке перехрестя"');
INSERT INTO public.stop (id, dir, lat, lng, street) VALUES (49, 'BACKWARD', 49.87204360961914, 24.052310943603516, 'вул. Грінченка');
INSERT INTO public.stop (id, dir, lat, lng, street) VALUES (50, 'BACKWARD', 49.87289263023, 24.050210419659, 'вул. Грінченка (на вимогу)');
INSERT INTO public.stop (id, dir, lat, lng, street) VALUES (51, 'BACKWARD', 49.87263870239258, 24.043907165527344, 'вул. Плугова');
INSERT INTO public.stop (id, dir, lat, lng, street) VALUES (52, 'BACKWARD', 49.87221908569336, 24.04161834716797, 'на вимогу');
INSERT INTO public.stop (id, dir, lat, lng, street) VALUES (53, 'BACKWARD', 49.871811514731, 24.038945340226, 'Поліклініка №2');
INSERT INTO public.stop (id, dir, lat, lng, street) VALUES (54, 'BACKWARD', 49.870584736432, 24.03145635128, 'вул. Пилипа Орлика');
INSERT INTO public.stop (id, dir, lat, lng, street) VALUES (55, 'BACKWARD', 49.869596659909, 24.02549725771, 'вул. Гетьмана Мазепи');
INSERT INTO public.stop (id, dir, lat, lng, street) VALUES (56, 'BACKWARD', 49.870313101917, 24.020671024375, 'вул. Замарстинівська');
INSERT INTO public.stop (id, dir, lat, lng, street) VALUES (57, 'BACKWARD', 49.86645919391, 24.016106128693, 'вул. Варшавська');
INSERT INTO public.stop (id, dir, lat, lng, street) VALUES (58, 'BACKWARD', 49.861729597501, 24.018580436707, 'вул. Торф''яна');
INSERT INTO public.stop (id, dir, lat, lng, street) VALUES (59, 'BACKWARD', 49.857832531102, 24.020690619946, 'Шевченківська адміністрація');
INSERT INTO public.stop (id, dir, lat, lng, street) VALUES (60, 'BACKWARD', 49.856073810287, 24.021730542183, 'Шевченківська адміністрація');
INSERT INTO public.stop (id, dir, lat, lng, street) VALUES (61, 'BACKWARD', 49.8542594909668, 24.0227069854736, 'вул. Хімічна');
INSERT INTO public.stop (id, dir, lat, lng, street) VALUES (62, 'BACKWARD', 49.849702793762, 24.024629294872, 'пл. 700-річчя Львова');
INSERT INTO public.stop (id, dir, lat, lng, street) VALUES (63, 'BACKWARD', 49.845380643474, 24.025082588195, 'пр. В''ячеслава Чорновола');
INSERT INTO public.stop (id, dir, lat, lng, street) VALUES (64, 'BACKWARD', 49.844024595114, 24.024272561073, 'ТЦ "Магнус"');
INSERT INTO public.stop (id, dir, lat, lng, street) VALUES (65, 'BACKWARD', 49.842787859682, 24.018092751503, 'Церква Анни');
INSERT INTO public.stop (id, dir, lat, lng, street) VALUES (66, 'BACKWARD', 49.84245921138, 24.015432000161, 'Театр ім. Лесі Українки');
INSERT INTO public.stop (id, dir, lat, lng, street) VALUES (67, 'BACKWARD', 49.84025192260742, 24.01207733154297, 'Цирк');
INSERT INTO public.stop (id, dir, lat, lng, street) VALUES (68, 'BACKWARD', 49.837730407714844, 24.005586624145508, 'пл. Кропивницького');
INSERT INTO public.stop (id, dir, lat, lng, street) VALUES (69, 'BACKWARD', 49.837701776976, 24.000205770135, 'Приміський вокзал');
INSERT INTO public.stop (id, dir, lat, lng, street) VALUES (70, 'BACKWARD', 49.83920669555664, 23.994436264038086, 'Залізничний вокзал');
INSERT INTO public.stop (id, dir, lat, lng, street) VALUES (71, 'FORWARD', 49.820945739746094, 23.916109085083008, 'Кільцева дорога');
INSERT INTO public.stop (id, dir, lat, lng, street) VALUES (72, 'FORWARD', 49.822556871116, 23.925238191815, 'Торгові центри');
INSERT INTO public.stop (id, dir, lat, lng, street) VALUES (73, 'FORWARD', 49.823474865147, 23.930122741174, 'вул. Станційна');
INSERT INTO public.stop (id, dir, lat, lng, street) VALUES (74, 'FORWARD', 49.827030181884766, 23.949111938476562, 'Церква Вознесіння Господнього');
INSERT INTO public.stop (id, dir, lat, lng, street) VALUES (75, 'FORWARD', 49.826970993844, 23.954443092465, 'вул. Ряшівська');
INSERT INTO public.stop (id, dir, lat, lng, street) VALUES (76, 'FORWARD', 49.82405090332031, 23.95569610595703, 'вул. Сигнівка');
INSERT INTO public.stop (id, dir, lat, lng, street) VALUES (77, 'FORWARD', 49.822972112979, 23.961421333343, 'вул. Патона');
INSERT INTO public.stop (id, dir, lat, lng, street) VALUES (78, 'FORWARD', 49.822563325789, 23.965689897537, 'вул. Кричевського');
INSERT INTO public.stop (id, dir, lat, lng, street) VALUES (79, 'FORWARD', 49.820834721943, 23.969820141792, 'вул. Виговського');
INSERT INTO public.stop (id, dir, lat, lng, street) VALUES (80, 'FORWARD', 49.82263946533203, 23.974496841430664, 'вул. Караджича');
INSERT INTO public.stop (id, dir, lat, lng, street) VALUES (81, 'FORWARD', 49.824895092365, 23.979120850563, 'Будинок Меблів');
INSERT INTO public.stop (id, dir, lat, lng, street) VALUES (82, 'FORWARD', 49.826629638671875, 23.983524322509766, 'вул. Окружна');
INSERT INTO public.stop (id, dir, lat, lng, street) VALUES (83, 'FORWARD', 49.82555849633, 23.990446209908, 'вул. Антоновича');
INSERT INTO public.stop (id, dir, lat, lng, street) VALUES (84, 'FORWARD', 49.82985305786133, 23.99814796447754, 'вул. Максима Залізняка');
INSERT INTO public.stop (id, dir, lat, lng, street) VALUES (85, 'FORWARD', 49.831632741752, 24.001237254088, 'вул. Мельника');
INSERT INTO public.stop (id, dir, lat, lng, street) VALUES (86, 'FORWARD', 49.83448028564453, 24.006872177124023, 'вул. Степана Бандери');
INSERT INTO public.stop (id, dir, lat, lng, street) VALUES (87, 'FORWARD', 49.836868388546, 24.012822210789, 'пл. Святого Юра');
INSERT INTO public.stop (id, dir, lat, lng, street) VALUES (88, 'FORWARD', 49.836353302002, 24.0158672332764, 'вул. Устияновича');
INSERT INTO public.stop (id, dir, lat, lng, street) VALUES (89, 'FORWARD', 49.83979415893555, 24.022354125976562, 'Університет ім. Івана Франка');
INSERT INTO public.stop (id, dir, lat, lng, street) VALUES (90, 'BACKWARD', 49.83979415893555, 24.022354125976562, 'Університет ім. Івана Франка');
INSERT INTO public.stop (id, dir, lat, lng, street) VALUES (91, 'BACKWARD', 49.83708808964, 24.011738598347, 'пл. Святого Юра');
INSERT INTO public.stop (id, dir, lat, lng, street) VALUES (92, 'BACKWARD', 49.835619237611, 24.00582575798, 'вул. Степана Бандери');
INSERT INTO public.stop (id, dir, lat, lng, street) VALUES (93, 'BACKWARD', 49.833426046227, 24.001364349761, 'пл. Липнева');
INSERT INTO public.stop (id, dir, lat, lng, street) VALUES (94, 'BACKWARD', 49.83063298626, 23.995478212833, 'вул. Смаль-Стоцького');
INSERT INTO public.stop (id, dir, lat, lng, street) VALUES (95, 'BACKWARD', 49.829166955312, 23.992228197326, 'вул. Копистинського');
INSERT INTO public.stop (id, dir, lat, lng, street) VALUES (96, 'BACKWARD', 49.827375902736, 23.983153164387, 'вул. Окружна');
INSERT INTO public.stop (id, dir, lat, lng, street) VALUES (97, 'BACKWARD', 49.823981021499, 23.976722224318, 'Будинок Меблів');
INSERT INTO public.stop (id, dir, lat, lng, street) VALUES (98, 'BACKWARD', 49.8221549987793, 23.97268295288086, 'вул. Караджича');
INSERT INTO public.stop (id, dir, lat, lng, street) VALUES (99, 'BACKWARD', 49.822841213089, 23.965338170528, 'вул. Кричевського');
INSERT INTO public.stop (id, dir, lat, lng, street) VALUES (100, 'BACKWARD', 49.823219856899, 23.960576609752, 'вул. Патона');
INSERT INTO public.stop (id, dir, lat, lng, street) VALUES (101, 'BACKWARD', 49.824302673339844, 23.956087112426758, 'вул. Сигнівка');
INSERT INTO public.stop (id, dir, lat, lng, street) VALUES (102, 'BACKWARD', 49.826836632246, 23.955012727327, 'вул. Ряшівська');
INSERT INTO public.stop (id, dir, lat, lng, street) VALUES (103, 'BACKWARD', 49.826840509359, 23.946539402008, 'Церква Вознесіння Господнього');
INSERT INTO public.stop (id, dir, lat, lng, street) VALUES (104, 'BACKWARD', 49.823524165253, 23.928949506509, 'вул. Станційна');
INSERT INTO public.stop (id, dir, lat, lng, street) VALUES (105, 'BACKWARD', 49.82271147487, 23.924234330654, 'Торгові центри');
INSERT INTO public.stop (id, dir, lat, lng, street) VALUES (106, 'BACKWARD', 49.821617757525, 23.918416619301, 'ТЦ "METRO"');
INSERT INTO public.stop (id, dir, lat, lng, street) VALUES (107, 'BACKWARD', 49.820945739746094, 23.916109085083008, 'Кільцева дорога');
INSERT INTO public.stop (id, dir, lat, lng, street) VALUES (108, 'FORWARD', 49.84550094604492, 24.02606964111328, 'пл. Різні');
INSERT INTO public.stop (id, dir, lat, lng, street) VALUES (109, 'FORWARD', 49.844024595114, 24.024272561073, 'ТЦ "Магнус"');
INSERT INTO public.stop (id, dir, lat, lng, street) VALUES (110, 'FORWARD', 49.842787859682, 24.018092751503, 'Церква Анни');
INSERT INTO public.stop (id, dir, lat, lng, street) VALUES (111, 'FORWARD', 49.84245921138, 24.015432000161, 'Театр ім. Лесі Українки');
INSERT INTO public.stop (id, dir, lat, lng, street) VALUES (112, 'FORWARD', 49.84025192260742, 24.01207733154297, 'Цирк');
INSERT INTO public.stop (id, dir, lat, lng, street) VALUES (113, 'FORWARD', 49.837730407714844, 24.005586624145508, 'пл. Кропивницького');
INSERT INTO public.stop (id, dir, lat, lng, street) VALUES (114, 'FORWARD', 49.837701776976, 24.000205770135, 'Приміський вокзал');
INSERT INTO public.stop (id, dir, lat, lng, street) VALUES (115, 'FORWARD', 49.83920669555664, 23.994436264038086, 'Залізничний вокзал');
INSERT INTO public.stop (id, dir, lat, lng, street) VALUES (116, 'FORWARD', 49.837576118462, 23.999875186564, 'Приміський вокзал');
INSERT INTO public.stop (id, dir, lat, lng, street) VALUES (117, 'FORWARD', 49.83646358234, 23.99934142828, 'Привокзальний ринок');
INSERT INTO public.stop (id, dir, lat, lng, street) VALUES (118, 'FORWARD', 49.835601806640625, 23.994720458984375, 'вул. Городоцька-Смаль-Стоцького');
INSERT INTO public.stop (id, dir, lat, lng, street) VALUES (119, 'FORWARD', 49.834017386609, 23.990678975446, 'вул. Городоцька - вул. Кульпарківська');
INSERT INTO public.stop (id, dir, lat, lng, street) VALUES (120, 'FORWARD', 49.827375902736, 23.983153164387, 'вул. Окружна');
INSERT INTO public.stop (id, dir, lat, lng, street) VALUES (121, 'FORWARD', 49.823981021499, 23.976722224318, 'Будинок Меблів');
INSERT INTO public.stop (id, dir, lat, lng, street) VALUES (122, 'FORWARD', 49.8221549987793, 23.97268295288086, 'вул. Караджича');
INSERT INTO public.stop (id, dir, lat, lng, street) VALUES (123, 'FORWARD', 49.822841213089, 23.965338170528, 'вул. Кричевського');
INSERT INTO public.stop (id, dir, lat, lng, street) VALUES (124, 'FORWARD', 49.823219856899, 23.960576609752, 'вул. Патона');
INSERT INTO public.stop (id, dir, lat, lng, street) VALUES (125, 'FORWARD', 49.824302673339844, 23.956087112426758, 'вул. Сигнівка');
INSERT INTO public.stop (id, dir, lat, lng, street) VALUES (126, 'FORWARD', 49.826836632246, 23.955012727327, 'вул. Ряшівська');
INSERT INTO public.stop (id, dir, lat, lng, street) VALUES (127, 'FORWARD', 49.826840509359, 23.946539402008, 'Церква Вознесіння Господнього');
INSERT INTO public.stop (id, dir, lat, lng, street) VALUES (128, 'FORWARD', 49.823524165253, 23.928949506509, 'вул. Станційна');
INSERT INTO public.stop (id, dir, lat, lng, street) VALUES (129, 'FORWARD', 49.82271147487, 23.924234330654, 'Торгові центри');
INSERT INTO public.stop (id, dir, lat, lng, street) VALUES (130, 'FORWARD', 49.821617757525, 23.918416619301, 'ТЦ "METRO"');
INSERT INTO public.stop (id, dir, lat, lng, street) VALUES (131, 'BACKWARD', 49.820945739746094, 23.916109085083008, 'Кільцева дорога');
INSERT INTO public.stop (id, dir, lat, lng, street) VALUES (132, 'BACKWARD', 49.821635062315, 23.920088469982, 'ТЦ "METRO"');
INSERT INTO public.stop (id, dir, lat, lng, street) VALUES (133, 'BACKWARD', 49.822556871116, 23.925238191815, 'Торгові центри');
INSERT INTO public.stop (id, dir, lat, lng, street) VALUES (134, 'BACKWARD', 49.823474865147, 23.930122741174, 'вул. Станційна');
INSERT INTO public.stop (id, dir, lat, lng, street) VALUES (135, 'BACKWARD', 49.827030181884766, 23.949111938476562, 'Церква Вознесіння Господнього');
INSERT INTO public.stop (id, dir, lat, lng, street) VALUES (136, 'BACKWARD', 49.826970993844, 23.954443092465, 'вул. Ряшівська');
INSERT INTO public.stop (id, dir, lat, lng, street) VALUES (137, 'BACKWARD', 49.82405090332031, 23.95569610595703, 'вул. Сигнівка');
INSERT INTO public.stop (id, dir, lat, lng, street) VALUES (138, 'BACKWARD', 49.822972112979, 23.961421333343, 'вул. Патона');
INSERT INTO public.stop (id, dir, lat, lng, street) VALUES (139, 'BACKWARD', 49.822563325789, 23.965689897537, 'вул. Кричевського');
INSERT INTO public.stop (id, dir, lat, lng, street) VALUES (140, 'BACKWARD', 49.820834721943, 23.969820141792, 'вул. Виговського');
INSERT INTO public.stop (id, dir, lat, lng, street) VALUES (141, 'BACKWARD', 49.82263946533203, 23.974496841430664, 'вул. Караджича');
INSERT INTO public.stop (id, dir, lat, lng, street) VALUES (142, 'BACKWARD', 49.824895092365, 23.979120850563, 'Будинок Меблів');
INSERT INTO public.stop (id, dir, lat, lng, street) VALUES (143, 'BACKWARD', 49.827295717426, 23.982545435429, 'вул. Окружна');
INSERT INTO public.stop (id, dir, lat, lng, street) VALUES (144, 'BACKWARD', 49.832481518353, 23.979159899831, 'вул. Окружна');
INSERT INTO public.stop (id, dir, lat, lng, street) VALUES (145, 'BACKWARD', 49.833426805763, 23.984559237957, 'вул. Народна');
INSERT INTO public.stop (id, dir, lat, lng, street) VALUES (146, 'BACKWARD', 49.8344612121582, 23.990053176879883, 'вул. Городоцька-Кульпарківська');
INSERT INTO public.stop (id, dir, lat, lng, street) VALUES (147, 'BACKWARD', 49.835323333740234, 23.994918823242188, 'вул. Городоцька-Смаль-Стоцького');
INSERT INTO public.stop (id, dir, lat, lng, street) VALUES (148, 'BACKWARD', 49.836124511286, 23.999373614788, 'Привокзальний ринок');
INSERT INTO public.stop (id, dir, lat, lng, street) VALUES (149, 'BACKWARD', 49.837701776976, 24.000205770135, 'Приміський вокзал');
INSERT INTO public.stop (id, dir, lat, lng, street) VALUES (150, 'BACKWARD', 49.83920669555664, 23.994436264038086, 'Залізничний вокзал');
INSERT INTO public.stop (id, dir, lat, lng, street) VALUES (151, 'BACKWARD', 49.837576118462, 23.999875186564, 'Приміський вокзал');
INSERT INTO public.stop (id, dir, lat, lng, street) VALUES (152, 'BACKWARD', 49.837345123291016, 24.0047550201416, 'Церква святих Ольги та Єлизавети');
INSERT INTO public.stop (id, dir, lat, lng, street) VALUES (153, 'BACKWARD', 49.84020188544, 24.012513697147, 'Цирк');
INSERT INTO public.stop (id, dir, lat, lng, street) VALUES (154, 'BACKWARD', 49.84185791015625, 24.016496658325195, 'Театр ім. Лесі Українки');
INSERT INTO public.stop (id, dir, lat, lng, street) VALUES (155, 'BACKWARD', 49.843182234696, 24.022824168205, 'вул. Северина Наливайка');
INSERT INTO public.stop (id, dir, lat, lng, street) VALUES (156, 'BACKWARD', 49.84550094604492, 24.02606964111328, 'пл. Різні');
INSERT INTO public.stop (id, dir, lat, lng, street) VALUES (157, 'FORWARD', 49.774044036865234, 24.012466430664062, 'ТРЦ "King Cross Leopolis"');
INSERT INTO public.stop (id, dir, lat, lng, street) VALUES (158, 'FORWARD', 49.774748393877, 24.014426290989, 'ТРЦ "King Cross Leopolis"');
INSERT INTO public.stop (id, dir, lat, lng, street) VALUES (159, 'FORWARD', 49.78413772583008, 24.014429092407227, 'вул. Сокільницька');
INSERT INTO public.stop (id, dir, lat, lng, street) VALUES (160, 'FORWARD', 49.7873229980469, 24.017053604126, 'Автовокзал');
INSERT INTO public.stop (id, dir, lat, lng, street) VALUES (161, 'FORWARD', 49.79249954223633, 24.016159057617188, 'вул. Михайла Максимовича');
INSERT INTO public.stop (id, dir, lat, lng, street) VALUES (162, 'FORWARD', 49.794638773451, 24.016646802425, 'вул. Ярослава Гашека');
INSERT INTO public.stop (id, dir, lat, lng, street) VALUES (163, 'FORWARD', 49.797994731844, 24.017358660698, 'вул. Скорини');
INSERT INTO public.stop (id, dir, lat, lng, street) VALUES (164, 'FORWARD', 49.802592204798, 24.018370687962, 'вул. Стрийська - вул. Хуторівка');
INSERT INTO public.stop (id, dir, lat, lng, street) VALUES (165, 'FORWARD', 49.80847642065, 24.019370913506, 'Автобусний завод');
INSERT INTO public.stop (id, dir, lat, lng, street) VALUES (166, 'FORWARD', 49.815135495584, 24.020076572895, 'Податкова');
INSERT INTO public.stop (id, dir, lat, lng, street) VALUES (167, 'FORWARD', 49.820243955525, 24.020444363866, 'Дитяча залізниця');
INSERT INTO public.stop (id, dir, lat, lng, street) VALUES (168, 'FORWARD', 49.8251609802246, 24.0229797363281, 'Парк Культури');
INSERT INTO public.stop (id, dir, lat, lng, street) VALUES (169, 'FORWARD', 49.829432412638, 24.032263261227, 'Стрийський ринок');
INSERT INTO public.stop (id, dir, lat, lng, street) VALUES (170, 'FORWARD', 49.833832468585, 24.035482979927, 'пл. Петрушевича');
INSERT INTO public.stop (id, dir, lat, lng, street) VALUES (171, 'FORWARD', 49.83738723816, 24.035067915916, 'вул. Володимира Шухевича');
INSERT INTO public.stop (id, dir, lat, lng, street) VALUES (172, 'FORWARD', 49.8424339294434, 24.0351810455322, 'вул. Підвальна');
INSERT INTO public.stop (id, dir, lat, lng, street) VALUES (173, 'FORWARD', 49.844815224729, 24.02779519558, 'вул. Театральна');
INSERT INTO public.stop (id, dir, lat, lng, street) VALUES (174, 'FORWARD', 49.84550094604492, 24.02606964111328, 'пл. Різні');
INSERT INTO public.stop (id, dir, lat, lng, street) VALUES (175, 'BACKWARD', 49.84550094604492, 24.02606964111328, 'пл. Різні');
INSERT INTO public.stop (id, dir, lat, lng, street) VALUES (176, 'BACKWARD', 49.84406280517578, 24.025632858276367, 'Театр опери та балету');
INSERT INTO public.stop (id, dir, lat, lng, street) VALUES (177, 'BACKWARD', 49.84012222290039, 24.028125762939453, 'пр. Свободи');
INSERT INTO public.stop (id, dir, lat, lng, street) VALUES (178, 'BACKWARD', 49.83766174316406, 24.032958984375, 'вул. Князя Романа');
INSERT INTO public.stop (id, dir, lat, lng, street) VALUES (179, 'BACKWARD', 49.834092836029, 24.035320962589, 'вул. Шота Руставелі');
INSERT INTO public.stop (id, dir, lat, lng, street) VALUES (180, 'BACKWARD', 49.82982635498047, 24.032480239868164, 'Стрийський ринок');
INSERT INTO public.stop (id, dir, lat, lng, street) VALUES (181, 'BACKWARD', 49.824141079585, 24.020608663559, 'Парк Культури');
INSERT INTO public.stop (id, dir, lat, lng, street) VALUES (182, 'BACKWARD', 49.820557008064, 24.020172894001, 'Дитяча залізниця');
INSERT INTO public.stop (id, dir, lat, lng, street) VALUES (183, 'BACKWARD', 49.814954934321, 24.019663274288, 'Податкова');
INSERT INTO public.stop (id, dir, lat, lng, street) VALUES (184, 'BACKWARD', 49.807843816626, 24.0189889257, 'Автобусний завод');
INSERT INTO public.stop (id, dir, lat, lng, street) VALUES (185, 'BACKWARD', 49.801410856771, 24.017573773861, 'вул. Стрийська - вул. Наукова');
INSERT INTO public.stop (id, dir, lat, lng, street) VALUES (186, 'BACKWARD', 49.79779815673828, 24.01679801940918, 'вул. Скорини');
INSERT INTO public.stop (id, dir, lat, lng, street) VALUES (187, 'BACKWARD', 49.79421615600586, 24.016006469726562, 'вул. Ярослава Гашека');
INSERT INTO public.stop (id, dir, lat, lng, street) VALUES (188, 'BACKWARD', 49.791455721513, 24.015457451343, 'вул. Михайла Максимовича');
INSERT INTO public.stop (id, dir, lat, lng, street) VALUES (189, 'BACKWARD', 49.787580666459, 24.014610084721, 'Автовокзал');
INSERT INTO public.stop (id, dir, lat, lng, street) VALUES (190, 'BACKWARD', 49.78329086303711, 24.013832092285156, 'вул. Сокільницька');
INSERT INTO public.stop (id, dir, lat, lng, street) VALUES (191, 'BACKWARD', 49.774206005894, 24.011692047119, 'ТРЦ "King Cross Leopolis"');
INSERT INTO public.stop (id, dir, lat, lng, street) VALUES (192, 'BACKWARD', 49.774044036865234, 24.012466430664062, 'ТРЦ "King Cross Leopolis"');